p,q,z,mask,cone_frac,forward_frac,forward_cone_frac_all,forward_cone_frac_conditional,n_steps,n_forward,n_cone,mean_Qd,min_Qd,max_Qd
0,1,0,-1,1.0,0.47572815533980584,0.47572815533980584,1.0,103,49,103,-0.8597014377827848,-3.955249591832425,-0.0002540359812784173
1,0,0,1,0.2815533980582524,0.47572815533980584,0.1262135922330097,0.2653061224489796,103,49,29,0.8597014377827848,0.0002540359812784173,3.955249591832425
