model,param_1,param_2,mse
rise_loss_logistic_norm_t50_shift_t10,27.243054537668925,0.9909865024272823,0.011586921033119351
