model,param_1,param_2,mse
rise_logistic_norm_t50_shift_t20,2.9294632771930287,0.8060085984927129,0.02847304911284021
