model,param_1,param_2,mse
gompertz_norm_t50,2.783184730922359,1.8044912347680782,0.03364695471028903
logistic_norm_t50,2.93554530793011,0.8189799977265385,0.028249606519766334
