model,param_1,param_2,mse
rise_logistic_norm_t50_shift_tcurv,99.9999999999994,0.00239626738005807,0.008267114935865976
