model,param_1,param_2,mse
rise_logistic_norm_t50_fixed_ct50,2.935450759537508,0.49356862489930914,0.02824960653876869
shared_c,0.32540211256280865,,
