label,mean_peak_x,std_peak_x,mean_slope_proxy_k,mean_half_max_width,mean_pre_t50_area,mean_pre_t50_fraction,mean_skew,mean_gaussian_mse,mean_corr_to_mean,n_runs
leech_lambda_0,1.06875,0.06374999999999997,56.18513226650979,1.5637500000000002,1.0264044472016398,0.5995581733197339,-0.13758288077298178,116.2195769008184,0.7608355738736535,2
