weight_decay,seed,value_field,sample_spacing_epochs,dominant_period_epochs,dominant_frequency_per_epoch,peak_power_ratio,n_points
0.22,0,test_loss,20.0,142.7450980392157,0.007005494505494506,0.05394826832664362,364
0.3,0,test_loss,20.0,178.64864864864867,0.005597579425113464,0.04522420313327972,661
