model,param_1,param_2,mse
rise_logistic_norm_t50_fixed_ct50,2.416766442044462,0.506675082122818,0.022822662284937983
shared_c,0.3396750557842165,,
