model,param_1,param_2,mse
rise_loss_logistic_norm_t50_shift_t10,22.248702777736316,1.0127909625222065,0.006620828717883666
