model,param_1,param_2,mse
gompertz_norm_t50,2.2613163830641985,1.4537219530844518,0.02669987550741191
logistic_norm_t50,2.4168272455657527,0.846354513620317,0.022822662273208658
