model,param_1,param_2,mse
rise_logistic_norm_t50_shift_tcurv,7.93378998310898,-2.9892661221886327,0.02183339045875687
