model,param_1,param_2,mse
rise_logistic_norm_t50_shift_t20,2.41416578684384,0.8397331871657959,0.02285845814142714
