model,param_1,param_2,mse
rise_logistic_norm_t50_shift_t20,1.4240443525879014,0.955911778984996,0.029256203649116092
