model,param_1,param_2,mse
rise_logistic_norm_t50_fixed_ct50,1.4345475662870966,0.5747857795248413,0.029216056234243486
shared_c,0.389328342998692,,
