model,param_1,param_2,mse
gompertz_norm_t50,1.7690557696967475,1.007444959643354,0.029239726804616277
logistic_norm_t50,1.4345485230820811,0.9641140023361838,0.02921605623442565
