model,param_1,param_2,mse
rise_logistic_norm_t50_shift_tcurv,1.3256864290724741,-0.0687056365597508,0.026206851693304438
