model,param_1,param_2,mse
rise_loss_logistic_norm_t50_shift_t10,4.201390538682053,1.0663419373866767,0.041508953956121
